Style,Selling_Style
1102J,01102J
HB60,DHHB60
HB9F,DHHB9F
HB50,DHHB50
T23XH586BKB,GT23XH
HB96,DHHB96
972\10,null
CSTSS,NOUSE
CSLLT,CSLLST
970\10,null
HB95,DHHB95
PSCHH,PSCHHL
223\2,null
DNU,null
HB18,DHHB18
977\6,null
973\10,null
981\7,null
974\7,null
DELETE,null
971\10,null
971\11,null
U11\5,null
CMHT21,NOUSE
976\7,null
979\6,null
981\6,null
U21\5,null
975\6,null
973\11,null
JCBXZ4,JCBXZ4
M9260586644,M9260
P59387549314,P59387
T0220,T0220
JXT2B3,JXT2B3
M5689G586423,M5689G
UBBF6B,UBBF6B
M5926,M5926
NSSSVI,NSSSVI
JDT3B5,JDT3B5
MJP127,MJP127
T294258649B,T2942
KAKBA1,KAKBA1
QW124GY07245,QW124G
T3760G549988,T3760G
JDB1BX,JDB1BX
KCLBA2,KCLBA2
M7135P,M7135P
M2858DALZT,M2858D
MSPTHG,MSPTHG
JWBBA3,JWBBA3
QM327G550310,QM327G
QM4415,QM4415
QW897G586920,QW897G
TBEEB6,TBEEB6
TBUCR5,TBUCR5
S9022P586C5B,S9022
T0766G,T0766G
M5689G550761,M5689G
JPBBB3,JPBBB3
QM5673,QM5673
TUPCBR,TUPCBR
M3278,M3278
M0590,M0590
M4812P586644,M4812P
OJ098,OJ098
PTSPBG,PTSPBG
S0888,S0888
JDBF6B,JDBF6B
QB1251Y08500,QB1251
T5704550744,T5704
QM523G586441,QM523G
T6120,T6120
JABFA4,JABFA4
JLBBC3,JLBBC3
QM4353,QM4353
P0893,P0893
QM4927,QM4927
O4679,O4679
QW5540586158,QW5540
KABBBG,KABBBG
M3380P,M3380P
QW538G586978,QW538G
JDT1B4,JDT1B4
T9520407D55,T9520
JWBB4A,JWBB4A
U7216P,U7216P
P7310407Q88,P7310
QB304G586GXA,QB304G
QM327G586169,QM327G
QW897G586959,QW897G
JBT15W,JBT15W
QW512D407D55,QW512D
T0026,T0026
M0945,M0945
QW913GY07466,QW913G
JLBBB3,JLBBB3
JXBBB3,JXBBB3
TP10AS,TP10AS
M9465P,M9465P
QM6958586964,QM6958
S790355865YA,S79035
M6636P,M6636P
T0022,T0022
JXT14W,JXT14W
P0893X549314,P0893X
JLBFB4,JLBFB4
JPBMM3,JPBMM3
QM327G586FIA,QM327G
QW898P586540,QW898P
S0891X407D55,S0891
M3368,M3368
M882G550761,M882G
S0341P407D55,S0341P
T9865X,T9865X
JLBB4A,JLBB4A
M5123,M5123
M882P,M882P
MJP196,MJP196
QW538G586259,QW538G
S63299586NAA,S63299
JBBF6B,JBBF6B
JLBBA3,JLBBA3
P59442586644,P59442
JBT2B4,JBT2B4
M6636D,M6636D
T3314G586D4A,T3314G
M7135,M7135
M9270586644,M9270
P1022549314,P1022
JLBL4B,JLBL4B
OOP16,Q00P16
QW538G586960,QW538G
U7266,U7266
JXT1W3,JXT1W3
M0944,M0944
M4811,M4811
QW897G58604A,QW897G
S63315586EIA,S63315
T8754P586434,T8754P
LY0428,LY0428
M0937GY07459,M0937G
JBB15B,JBB15B
M4165,M4165
NSSSUI,NSSSUI
P0551,P0551
S9441G586L4A,S9441G
QM0981,QM0981
TUCAMI,TUCAMI
JABLA3,JABLA3
OJ256,OJ256
PN0001,PN0001
S0888407D55,S0888
JBB1A4,JBB1A4
M3280W,M3280W
OJ251,OJ251
S5735P,S5735P
T5704586494,T5704
JCBKB4,JCBKB4
KABBB1,KABBB1
P59442586CCB,P59442
M3278G586G5A,M3278G
M3278G586F8A,M3278G
JPHBG1,JPHBG1
M3377,M3377
M5073G550310,M5073G
T5704586ENA,T5704
M3364L,M3364L
M4802586644,M4802
M59465,M59465
P3330586644,P3330
T8533G586BAB,T8533G
JWBLB3,JWBLB3
M9260P586644,M9260
NSLPCI,NSLPCI
JDT1W4,JDT1W4
M882G586F5A,M882G
QW897G58608A,QW897G
MJ1202,MJ1202
P6060,P6060
QM1243,QM1243
M3278G586169,M3278G
M5073G586424,M5073G
M5073G586441,M5073G
M5684,M5684
M5684P,M5684P
S0889407D55,S0889
M5073G586980,M5073G
OJ168,OJ168
QW554P586158,QW554P
T9737P,T9737P
TUBCR7,TUBCR7
JFBB4A,JFBB4A
S902285865AB,S9022
JPHMB1,JPHMB1
KABBA2,KABBA2
QW897G586960,QW897G
T8754P407D55,T8754P
LL40BL,LL40BL
M5922,M5922
LY0444,LY0444
QW140GY07466,QW140G
T96573586QVB,T96573
JXT2W3,JXT2W3
O48201,O48201
S9441G586EQA,S9441G
LY428,LY0428
M7132P,M7132P
T0222,T0222
T0223X,T0223X
P7409,P7409
JXBB4B,JXBB4B
LL42BL,LL42BL
U7216,U7216
MPL005,MPL005
T8754P586Z3A,T8754P
M3278G586FIA,M3278G
T74714586M3A,T74714
JBBKA4,JBBKA4
M3278G586PAA,M3278G
S0891407D55,S0891
S6330P586DRA,S6330P
TUB7D9,TUB7D9
JBB1B4,JBB1B4
P7472P407Q88,P7472P
QM984P,QM984P
S9441G5860IA,S9441G
M4650586644,M4650
QW538P,QW538P
JPBLA3,JPBLA3
M2270,M2270
S9441P,S9441P
JDB3BX,JDB3BX
S2595586494,S2595
M5073G550755,M5073G
QW897G586UGA,QW897G
T79189586DJA,T79189
M882G586FIA,M882G
NSRC9I,NSRC9I
OJ185,OJ185
QW897G586921,QW897G
JDT1WX,JDT1WX
M6636R,M6636R
QM327G586F8A,QM327G
QW897G5861NA,QW897G
MJ128P,MJ128P
QW897G586416,QW897G
NSLPAI,NSLPAI
T2978,T2978
T63298586DPA,T63298
M3278G550310,M3278G
P9420P549314,P9420P
S9183P5864ZA,S9183P
MJ1203,MJ1203
MJ127P,MJ127P
S7407586221,S7407
JDT2W4,JDT2W4
MJ197P,MJ197P
P0894X549314,P0894X
M882D,M882D
QB6804,QB6804
T4177549921,T4177
M32315865WB,M3231
M59472,M59472
P74773586644,P74773
M5099550343,M5099
M5685,M5685
QM523G586186,QM523G
JDT3BX,JDT3BX
M4389,M4389
T5860407D55,T5860
JPHMM1,JPHMM1
OJ255,OJ255
OJ100,OJ100
QM523G586152,QM523G
JPHBC1,JPHBC1
T40725586DJA,T40725
M3364P,M3364P
T790415865YA,T79041
M2522586G6B,M2522
QW897G586OIA,QW897G
T8533G586Z6A,T8533G
JFT14W,JFT14W
M3278G586GAA,M3278G
QW897GY08113,QW897G
S63295586DPA,S63295
PSCHHL,PSCHHL
M60269,M60269
MPL002,MPL002
Q71127,Q71127
QW897G586FLA,QW897G
T26125550744,T26125
MJPJ22,MJPJ22
P2781,P2781
QW897G586922,QW897G
T4177586MNA,T4177
M2858DAL3T,M2858D
OOP30,Q00P30
QW4909586OKA,QW4909
S6020550744,S6020
T8533G586C9A,T8533G
M2270GY08160,M2270G
MJP110,MJP110
M2858586644,M2858
P29305864QB,P2930
QW68985861AA,QW6898
T5747P,T5747P
TPXDOW,TPXDOW
JFBBC3,JFBBC3
JFBBF3,JFBBF3
M9223586644,M9223
UBBBB4,UBBBB4
LY0905,LY0905
M5686P,M5686P
QM0984,QM0984
MJ1204,MJ1204
S6448P,S6448P
JABBB3,JABBB3
JDBXAX,JDBXAX
MSPTBK,MSPTBK
JPHBZ1,JPHBZ1
QW5540586978,QW5540
LY0977,LY0977
M7417,M7417
MJJ127,MJJ127
QW6899586158,QW6899
JSBBB4,JSBBB4
S59441586638,S59441
QW897G586OGA,QW897G
T2978X,T2978X
JDT2WX,JDT2WX
S96548,S96548
QM3280586644,QM3280
QW913G586258,QW913G
QM882G586FIA,QM882G
U7234,U7234
JDB1A4,JDB1A4
JXBLB3,JXBLB3
M59452,M59452
M59241,M59241
P7308407Q88,P7308
S59425586768,S59425
JLBB4B,JLBB4B
JPBKA3,JPBKA3
JXBFL4,JXBFL4
JCBKL4,JCBKL4
JDBFBX,JDBFBX
QM6775,QM6775
QW5540586180,QW5540
JCBXX4,JCBXX4
JPHMG1,JPHMG1
M1064,M1064
T6063G586634,T6063G
JDBFB5,JDBFB5
JLBLB3,JLBLB3
M5674,M5674
QB2399,QB2399
TUB7P9,TUB7P9
JPBBA3,JPBBA3
S90228586C7B,S9022
S9435P586624,S9435P
JBT1W4,JBT1W4
JSBBA4,JSBBA4
M7489,M7489
QM523G550310,QM523G
T4177586227,T4177
M3364,M3364
TUBPP9,TUBPP9
JBB3B4,JBB3B4
KABBA4,KABBA4
M6028P,M6028P
QM1242,QM1242
M9473P,M9473P
MPL001,MPL001
QW4925549938,QW4925
S791835865ZA,S79183
M4389P,M4389P
OJ105,OJ105
T96574586QSB,T96574
JPHBY1,JPHBY1
M5193W,M5193W
M5686S,M5686S
M7421,M7421
PN0002,PN0002
QW0978,QW0978
QW6900586GPA,QW6900
QM523G586980,QM523G
OJ206,OJ206
M1406D,M1406D
MJP1Q2,MJP1Q2
JXBBL3,JXBBL3
MJP126,MJP126
QW0982,QW0982
T5704586L3A,T5704
JDB1AX,JDB1AX
QW914GY07466,QW914G
JWBB4B,JWBB4B
M5073G586184,M5073G
M5921,M5921
NSPTQI,NSPTQI
S63296586DPA,S63296
U7266P,U7266P
OJ314,OJ314
M5684586185,M5684
S0889,S0889
JPHBB1,JPHBB1
JFBBB3,JFBBB3
QW897GY07466,QW897G
JXBF5L,JXBF5L
P7410,P7410
S9406407D55,S9406
T8533GY07718,T8533G
JDT3WX,JDT3WX
M2270C586430,M2270C
S5732P,S5732P
S59440586494,S59440
JPHBD1,JPHBD1
KABBA1,KABBA1
M3266,M3266
PMMDBF,PMMDBF
M7420,M7420
QB1621,QB1621
QB6632,QB6632
JDBFWX,JDBFWX
PLSOTB,PLSOTB
QW6900586158,QW6900
JXBB4L,JXBB4L
MJP125,MJP125
JDB1B4,JDB1B4
M3377P,M3377P
M6636,M6636
M9473,M9473
T0223,T0223
JBT1B4,JBT1B4
QW913G586979,QW913G
S9441G586639,S9441G
M3280,M3280
QM5684,QM5684
QM6958550761,QM6958
JWBBB3,JWBBB3
M5689G586446,M5689G
M7137,M7137
JPBLB3,JPBLB3
M5073G586967,M5073G
M5689G550762,M5689G
QM7489,QM7489
QW897G586OFA,QW897G
T9247X,T9247X
JPHBX1,JPHBX1
QW897G58603A,QW897G
T6120X,T6120X
JBB15A,JBB15A
MJP122,MJP122
T79187586DJA,T79187
JCBXQ4,JCBXQ4
M5686,M5686
UBBBA4,UBBBA4
JPHML1,JPHML1
JXT1B3,JXT1B3
P63302586NEA,P63302
M6029,M6029
P5938X549314,P5938X
QW897G586979,QW897G
T8533G5867IA,T8533G
T986585864LB,T98658
UBBFB5,UBBFB5
JBT3B4,JBT3B4
M5073P,M5073P
PLMTBB,PLMTBB
JDT1WT,JDT1WT
JPHKB1,JPHKB1
NSPTPI,NSPTPI
JFBBA3,JFBBA3
P7386,P7386
P90174549314,P90174
QW897G586415,QW897G
TB2145,TB2145
TB74P5,TB74P5
JBT2W4,JBT2W4
JDT15W,JDT15W
JCBXY4,JCBXY4
JDB15B,JDB15B
P9092407Q88,P9092
QM6901,QM6901
JFBBE3,JFBBE3
M3278P,M3278P
KCLBA1,KCLBA1
M9255586644,M9255
QM882G550761,QM882G
S9441G586634,S9441G
PMVFHS,PMVFHS
JST1W4,JST1W4
M4665407D55,M4665
M5685P,M5685P
QW897G586259,QW897G
PN0003,PN0003
QW538G586180,QW538G
S59435586624,S59435
T3326G586ESA,T3326G
T6063G586538,T6063G
NSRCCI,NSRCCI
P79184549314,P79184
P9184P549314,P9184P
S9441G586N2B,S9441G
JDB15A,JDB15A
JLBF5B,JLBF5B
JWBL4B,JWBL4B
JBBFB5,JBBFB5
JFT1W3,JFT1W3
QB804P,QB804P
JDB3B4,JDB3B4
JWBSA3,JWBSA3
O42001,O42001
M9267586644,M9267
P59420549314,P59420
QW5540586GOA,QW5540
UBBB5A,UBBB5A
TBEEF6,TBEEF6
M3379,M3379
M5673,M5673
NSPTOI,NSPTOI
QW538G586788,QW538G
M7489P,M7489P
MJP197,MJP197
QM523G586967,QM523G
QW5722Y08160,QW5722
S63306586DVA,S63306
T8754P586NXA,T8754P
NSSSTI,NSSSTI
P7309407Q88,P7309
879204407Q88,879204
B1429G551234,B1429G
BB1036593050,BB1036
0A444,Q0A444
0B750,Q0B750
BB1009599106,BB1009
0B260,Q0B260
795BX4,795BX4
BG4684586HYB,BG4684
12587,12587
0180,DF0180
41ULHP,41ULHP
4434,4434
40CFF4,40CFF4
896537586RBB,896537
09504J,09504J
06900J,06900J
0B987,Q0B987
BG4717586KWB,BG4717
7625,762L5
22L/2,22L/2
863297407Q88,863297
85707P586551,85707P
09458J,09458J
B1251GY07038,B1251G
974J6P,974J6P
4732,4732
40859,40859
B5189,B5189
0B991,Q0B991
43H6CC,43H6CC
40XTB5,40XTB5
85924P550742,85924P
BG4687586H9B,BG4687
40149,40149
40848,40848
09473,09473
37T6,37T6
B6472,B6472
40862,40862
BG682P593050,BG682P
0795XJ,0795XJ
12584,12584
0B990,Q0B990
2H63,2H63
09471J,09471J
650J10,650J10
7913T5,7913T5
B32465865HB,B3246
12107,12107
0045J,0045J
BB1021593050,BB1021
0055J,0055J
707,Q00707
09442,09442
09458,09458
0A925,Q0A925
40H7CC,40H7CC
B3747L,B3747L
BG4689586ICB,BG4689
BG4722599109,BG4722
41XTSA,41XTSA
47HUSH,47HUSH
775,Q00775
85653407Q88,85653
86UP12,86UP12
8097,DF8097
40046,40046
41HUCC,41HUCC
2N02,DF2N02
B1251GY07474,B1251G
BG4694586IHB,BG4694
40159,40159
0939,LY0939
45UOBT,45UOBT
8790405865YA,879040
09729J,09729J
0G080,Q0G080
7702B4,7702B4
BB1042599117,BB1042
720,Q00720
22L/2P,22L/2P
86UP13,86UP13
09404J,09404J
863316586EJA,863316
09428,09428
88UP12,88UP12
2368J,2368J
980J7,980J7
0034J,0034J
0434,LY0434
28PTP,28PTP
BB1023586J8B,BB1023
BG4683586KXB,BG4683
BL10/6,BL10/6
45UVBH,45UVBH
82633P586551,82633P
3L97,DF3L97
46HUSH,46HUSH
BG4683586HUB,BG4683
0840,LY0840
40KUC8,40KUC8
45UOBB,45UOBB
BB1007599102,BB1007
B716,B716P
976J7,976J7
B6804N,B6804N
20/27,US0020
717,Q00717
40FDM3,40FDM3
BG4702586IFB,BG4702
B755J3,B755J3
40974,40974
9002,9002
42XTB5,42XTB5
B3385G586G0A,B3385G
01128J,01128J
4E77,US4E77
BB1016586J1B,BB1016
09404,09404
227/3P,227/3P
B2307P,B2307P
40870,40870
7990B5,7990B5
BB1040599107,BB1040
42H6CC,42H6CC
09402J,09402J
0B729,Q0B729
BB1004586LIB,BB1004
0039J,0039J
223/2,223L2
85877407D55,85877
09443,09443
0051J,0051J
BG4680586IRB,BG4680
0059J,0059J
42H7CC,42H7CC
42W5CS,42W5CS
4J81,4J81
723VP,723VP
B1503P,B1503P
41XTB5,41XTB5
BG4717586HSB,BG4717
41W5CS,41W5CS
976J6,976J6
B6804G586981,B6804G
810,Q00810
40XTSA,40XTSA
43KUC8,43KUC8
40774,40774
863319586EMA,863319
2N01,DF2N01
B716P,B716P
7959,07959
40ULBB,40ULBB
1960,MJ1960
3266,FL3266
09443J,09443J
BL14/6,BL14/6
43HUCC,43HUCC
0830,LY0830
B1429G586647,B1429G
974J6,974J6
2556,FL2556
09506J,09506J
41CSWB,41CSWB
42FDL3,42FDL3
09471,09471
42ULBK,42ULBK
B5659,B5659
BG4772599110,BG4772
BB0001,BB0001
221/3,221/3
B5659W,B5659W
1025J,1025J
0B988,Q0B988
2055,FL2055
2744,DF2744
09417,09417
42XTB4,42XTB4
2556J,2556J
40HUC6,40HUC6
43H7CC,43H7CC
874712586M5A,874712
BG4693593023,BG4693
BB0002,BB0002
0035J,0035J
86U1P,86U1P
B1429P,B1429P
27PTP,27PTP
B1429G586985,B1429G
B6804G551687,B6804G
303J,DF303J
45UCBB,45UCBB
BG4684586H4B,BG4684
1602,1602
12627,12627
222/3,222L3P
896547586CCB,896547
221/3P,221/3P
BG4683586HVB,BG4683
1262,1262
BB1005599105,BB1005
B1429G549686,B1429G
BB1006599102,BB1006
85878P,85878P
B6804,B6804
0060J,0060J
0904,LY0904
09402,09402
31PTP,31PTP
47HUSK,47HUSK
BB1022,BB1022
BB1035599108,BB1035
48FDS3,48FDS3
BB1013586KJB,BB1013
09456,09456
84UP12,84UP12
2324,DF2324
BG4717586IXB,BG4717
87737P549314,87737P
BB1013586KKB,BB1013
B6924,B6924
BB0004,BB0004
42ULHB,42ULHB
B372J4,B372J4
BG4723599109,BG4723
BG702P593050,BG702P
5001,5001J
12586,12586
09461J,09461J
7615,761/5
3P66,DF3P66
46USBB,46USBB
650J1P,650J1P
81622X407Q88,81622X
B539J3,B539J3
7791,7791
89185P549314,89185P
85872,85872
0037J,0037J
09428J,09428J
7701B4,7701B4
976J6P,976J6P
BB1020599108,BB1020
BB1004586JRB,BB1004
BG4684586H3B,BG4684
2361,DF2361
12553J,12553J
AM15,AM15
BG4685586KVB,BG4685
B6804G586QWA,B6804G
BB1004586J9B,BB1004
40ULBF,40ULBF
718,Q00718
B1251GY06928,B1251G
B1251SY07038,B1251S
BG4717586IEB,BG4717
83055J,83055J
3W11,DF3W11
84UP13,84UP13
974J7,974J7
B1429G586984,B1429G
2057,FL2057
305908,305908
00P16,Q00P16
85653,85653
0944XJ,0944XJ
09729,09729
40H6CC,40H6CC
40871,40871
12622,12622
2362,2362
4.00E+77,US4E77
5004J,5004J
30PTP,30PTP
BBS009,BBS009
4S73,US4S73
42FDM3,42FDM3
47HUSB,47HUSB
AM27,AM27
BB1004586J6B,BB1004
43K5C8,43K5C8
01101J,01101J
0B184,Q0B184
40HUCC,40HUCC
46HUSB,46HUSB
85744P,85744P
05757J,05757J
2062,FL2062
80296,80296
45UVBB,45UVBB
715,Q00715
BB1045,BB1045
09436,09436
227/3,227/3
81622G586DWA,81622G
2060,FL2060
40851,40851
0428,LY0428
09442J,09442J
00P19,Q00P19
978J6,978J6
BG4688586IAB,BG4688
BL32/6,BL32/6
43K5C6,43K5C6
B2304G586JYA,B2304G
2368,FL2368
3T62,DF3T62
88UP13,88UP13
B2304G586GVA,B2304G
07112,07112
B1503G551383,B1503G
B2304G58611A,B2304G
BG4682586KWB,BG4682
1028J,1028J
43HUC6,43HUC6
B213J4,B213J4
B1429G586983,B1429G
B2304G586GWA,B2304G
B740S4,B740S4
BB1013586KLB,BB1013
40813,40813
45VOBB,45VOBB
83319P586EMA,83319P
2541,FL2541
1023J,1023J
BB1004586K6B,BB1004
09300J,09300J
BB1025586J8B,BB1025
86058,86058
0972XJ,0972XJ
9856T4,9856T4
725,Q00725
40FDL3,40FDL3
BL32/5,BL32/5
86330P549314,86330P
980J6,980J6
BB1008599103,BB1008
84U1P,84U1P
BB1043593050,BB1043
2059,FL2059
0E064,Q0E064
1026J,1026J
896542407Q88,896542
40760,40760
8556,8556
1024J,1024J
B6804P,B6804P
BL8410,BL8410
B1428A,B1428A
BG4682586ISB,BG4682
40161,40161
BG4685586H5B,BG4685
12553,12553
81622G586324,81622G
85878,85878
7764B6,7764B6
0B647,Q0B647
12627J,12627J
B1429G549694,B1429G
B2304P,B2304P
0058J,0058J
42CFF4,42CFF4
BB1004599105,BB1004
83070,83070J
45UOBK,45UOBK
7870B4,7870B4
0B376,Q0B376
40837,40837
0822,LY0822
222/3P,222L3P
B2307,B2307
07959,07959
B213C5,B213C5
09441,09441
103J,DF103J
40K5C8,40K5C8
2990,DF2990
46USHT,46USHT
43K5B1,43K5B1
40823,40823
42CSWB,42CSWB
2332,DF2332
09405,09405
81622P407Q88,81622P
B5951,B5951
CH46AS,CH46AS
DM1192,DM1192
CH608A,CH608A
DF3484,DF3484
DM1195,DM1195
DFB598,DFB598
DM0035,DM0035
BURBX4,BURBX4
BL8411,BL8411
DFLLB1,DFLLB1
DM7958,DM7958
BUBCR5,BUBCR5
DF1007,DF1007
DM7676,DM7676
CH52AS,CH52AS
CSWFCS,CSWFCS
DF6560,DF6560
DHHB60,DHHB60
DHHU39,DHHU39
DM1006,DM1006
DM0074,DM0074
BU756F,BU756F
BURXP5,BURXP5
DFSBF1,DFSBF1
BUPMN4,BUPMN4
CH189,CH189
DF0049,DF0049
DMCCTH,DMCCTH
CSLS67,CSLS67
DM1137,DM1137
DM2303,DM2303
DM2310,DM2310
DM9900,DM9900
DF3382,DF3382
DFMEBF,DFMEBF
DM5020,DM5020
BU213C,BU213C
BU252C,BU252C
BU835P,BU835P
CH161,CH161
CLWCZ0,CLWCZ0
BU845K,BU845K
CFFSL3,CFFSL3
BULXL6,BULXL6
DM9500,DM9500
BUX92B,BUX92B
DMS090,DMS090
CSLMST,CSLMST
CSTT7Y,CSTT7Y
DF6595,DF6595
DFMMHL,DFMMHL
DFLLH1,DFLLH1
DHHU34,DHHU34
DM0048,DM0048
CSCRPM,CSCRPM
DF3440,DF3440
DHHB9F,DHHB9F
CSLCPS,CSLCPS
DF3439,DF3439
DF6543,DF6543
DMCCLB,DMCCLB
BL9010,BL9010
BU372C,BU372C
CH1673,CH1673
DF0085,DF0085
DF1001,DF1001
DFMLHC,DFMLHC
DFX008,DFX008
CH682,CH682
DMCCTP,DMCCTP
BUPBA7,BUPBA7
DFMMMB,DFMMMB
DFSTBF,DFSTBF
BULXA6,BULXA6
BUPMB3,BUPMB3
DF6591,DF6591
DFS711,DFS711
DHHB40,DHHB40
DF3490,DF3490
BU75W5,BU75W5
CH1773,CH1773
CLWPLV,CLWPLV
DF1013,DF1013
DHHB70,DHHB70
DM1188,DM1188
DMS091,DMS091
CHWS19,CHWS19
DM0073,DM0073
BU845U,BU845U
CWB008593032,CWB008
DF3488,DF3488
BUPBB4,BUPBB4
CH2238,CH2238
DMCCSH,DMCCSH
CC9767,CC9767
CH312,CH312
DFDBBF,DFDBBF
DM0066,DM0066
CWG002593023,CWG002
CLWCLV,CLWCLV
DF3456,DF3456
CH615,CH615
DFPC61,DFPC61
DF0053,DF0053
DF3458,DF3458
DM7550,DM7550
CH600,CH600
DF0044,DF0044
CTSPBK,CTSPBK
DFH597,DFH597
DMCCLT,DMCCLT
DF0057,DF0057
DFMSHC,DFMSHC
C60717,C60717
CBLMAB,CBLMAB
CH237,CH237
CSJS04,CSJS04
DF3383,DF3383
BL9011,BL9011
CH1683,CH1683
CSPT91,CSPT91
DF3491,DF3491
DFBRAL,DFBRAL
DMS088,DMS088
CH258,CH258
DFPC63,DFPC63
DM5001,DM5001
BULXC6,BULXC6
BUPBA4,BUPBA4
BU845C,BU845C
BUBC7R,BUBC7R
CH229,CH229
CHOW7,CHOW7
CNNRA4,CNNRA4
DM7990,DM7990
BUBWA5,BUBWA5
DM5003,DM5003
CHWT21,CHWT21
CHTRA1,CHTRA1
DF6563,DF6563
CABBP3,CABBP3
DM2584,DM2584
CSLPNT,CSLPNT
DFS064,DFS064
DM0044,DM0044
DM1010,DM1010
BU740P,BU740P
BUXPF4,BUXPF4
CSRCNY,CSRCNY
CH177,CH177
C06715,C06715
CH518,CH518
CHLWA2,CHLWA2
DF6596,DF6596
DF6599,DF6599
CWB024593010,CWB024
DM1023,DM1023
DM9400,DM9400
DMCCLC,DMCCLC
CSLJSY,CSLJSY
CHWS20,CHWS20
CSLS1I,CSLS1I
CWB018593027,CWB018
BU13X4,BU13X4
BUPBB7,BUPBB7
CANBBG,CANBBG
DHHU02,DHHU02
DM9601,DM9601
BUBDD5,BUBDD5
DF3499,DF3499
DM7546,DM7546
DMESLT,DMESLT
BUOTA1,BUOTA1
DMBTBK,DMBTBK
DMCCCB,DMCCCB
DF3820,DF3820
CH42SM,CH42SM
DF1009,DF1009
DFS105,DFS105
DM2300,DM2300
DM9600,DM9600
CH41AS,CH41AS
CSLWLS,CSLWLS
CWB035593018,CWB035
DFELS1,DFELS1
BL8611,BL8611
DM7543,DM7543
DM7989,DM7989
DF1006,DF1006
DM0003,DM0003
BULFX3,BULFX3
CPMSBK,CPMSBK
CSLLSS,CSLLSS
DFMLBF,DFMLBF
BUBFA6,BUBFA6
CH236,CH236
CH513,CH513
DF3462,DF3462
BUBF10,BUBF10
BUXST2,BUXST2
CC9807,CC9807
CWB007593031,CWB007
DF2633,DF2633
DF3372,DF3372
DFELS4,DFELS4
DM202C,DM202C
DMS095,DMS095
DFMSBF,DFMSBF
CH616P,CH616P
DM9501,DM9501
CSJSBC,CSJSBC
CSTTBC,CSTTBC
DF303J,DF303J
BUBWA6,BUBWA6
CBBBA2,CBBBA2
CWG004593065,CWG004
DF6564,DF6564
DM1025,DM1025
BTTPBF,BTTPBF
CH42AS,CH42AS
DMS083,DMS083
CSLWLP,CSLWLP
DF0047,DF0047
DMS086,DMS086
DF0050,DF0050
CSJS3L,CSJS3L
CSRCBC,CSRCBC
CH201,CH201
BUPPE3,BUPPE3
CH310,CH310
CHMT20,CHMT20
DF6583,DF6583
DFSTBS,DFSTBS
DM9502,DM9502
BL8810,BL8810
BUBPP5,BUBPP5
CLWPZ0,CLWPZ0
DM1126,DM1126
DFMSBR,DFMSBR
DM0004,DM0004
DM5004,DM5004
CH49AS,CH49AS
DF6510,DF6510
DHHB39,DHHB39
DM7997,DM7997
CC9746,CC9746
CSRC3L,CSRC3L
DF0082,DF0082
CH311,CH311
CWB009593033,CWB009
CWB036593050,CWB036
DF3386,DF3386
DFPC62,DFPC62
DFSHC1,DFSHC1
DM0070,DM0070
DF3036,DF3036
DF6556,DF6556
DFYYEQ,DFYYEQ
DM0043,DM0043
DM0702,DM0702
DF0046,DF0046
DF0052,DF0052
DF3460,DF3460
CSWRBE,CSWRBE
DMCCTB,DMCCTB
BU72A4,BU72A4
DF6548,DF6548
DM2317,DM2317
BU835Y,BU835Y
CHCLBG,CHCLBG
CLWP67,CLWP67
DF0084,DF0084
DHHU36,DHHU36
BU72C4,BU72C4
BU744R,BU744R
BUBD4B,BUBD4B
CH170P,CH170P
CH304,CH304
DF6592,DF6592
DM2301,DM2301
BU21C6,BU21C6
CABBA3,CABBA3
CH228,CH228S
CH46SM,CH46SM
BU756P,BU756P
DMFFSB,DMFFSB
CSLBRA,CSLBRA
DFSKHL,DFSKHL
DM1026,DM1026
DM9903,DM9903
BUPPR3,BUPPR3
CH50AS,CH50AS
CH512,CH512
CSPT5U,CSPT5U
CH308,CH308
DMS092,DMS092
BUBBL5,BUBBL5
DFLCHC,DFLCHC
DMFFTG,DMFFTG
CCHBBB,CCHBBB
CH173,CH173
DFSBK1,DFSBK1
DM2585,DM2585
CWB002593006,CWB002
BU39B5,BU39B5
BUPPX3,BUPPX3
CH681,CH681
CSTTNY,CSTTNY
BL8610,BL8610
BUBBL4,BUBBL4
CH616,CH616
CWG005593023,CWG005
DM0072,DM0072
DM9472,DM9472
BU756B,BU756B
BUBCR6,BUBCR6
CH309,CH309
CH49SM,CH49SM
CSPT3X,CSPT3X
DFEL61,DFEL61
CSJSNY,CSJSNY
DM0051,DM0051
CH171B,CH171B
BUXST1,BUXST1
BU756W,BU756W
CH171,CH171
CSLTSS,CSLTSS
DM7681,DM7681
CH511,CH511
DF1003,DF1003
DF3432,DF3432
DM5005,DM5005
DMS089,DMS089
CSLGTH,CSLGTH
DM7541,DM7541
BUO2KB,BUO2KB
CWB003593050,CWB003
DM0057,DM0057
BUBFA5,BUBFA5
DM0049,DM0049
DF1144,DF1144
DM7549,DM7549
CSLCMS,CSLCMS
DF3450,DF3450
DF803J,DF803J
BUPBAA,BUPBAA
CC9806,CC9806
CSLRLB,CSLRLB
DF4481,DF4481
DF3468,DF3468
DF4575,DF4575
CWB035593020,CWB035
BTTPP7,BTTPP7
BU74S5,BU74S5
DF6593,DF6593
DM1008,DM1008
BURXA5,BURXA5
CSLCMI,CSLCMI
CSPTTG,CSPTTG
DF3498,DF3498
DFLD63,DFLD63
DM7991,DM7991
DMS085,DMS085
DM7540,DM7540
CLWC67,CLWC67
DF6580,DF6580
CWG003593023,CWG003
DHHU01,DHHU01
DMS081,DMS081
CHOW2,CHOW2
DF3W11,DF3W11
BURFX3,BURFX3
CHMT21,CHMT21
BU75F5,BU75F5
CH51AS,CH51AS
CH306,CH306
DMS108,DMS108
CBBBA1,CBBBA1
CFFLL3,CFFLL3
CHWT20,CHWT20
DF3496,DF3496
DHHU35,DHHU35
DM5000,DM5000
DMS084,DMS084
BU541C,BU541C
DFX710,DFX710
BUPMN3,BUPMN3
CHWS18,CHWS18
CH168,CH168
CH224,CH224
CWB038593022,CWB038
CH167,CH167
DM2302,DM2302
BU835U,BU835U
BUBWA7,BUBWA7
BUPEM3,BUPEM3
DFDBHC,DFDBHC
DM0045,DM0045
DMBTHB,DMBTHB
BUXPD3,BUXPD3
BUBD4A,BUBD4A
DHHB96,DHHB96
C601,C601
DM1011,DM1011
DM0002,DM0002
DM7685,DM7685
DMCLBS,DMCLBS
BUBP42,BUBP42
CH247,CH247
DF3380,DF3380
DHHU08,DHHU08
BU740A,BU740A
CSLCHS,CSLCHS
DM2316,DM2316
BUOBB1,BUOBB1
DMBTBS,DMBTBS
BULBX4,BULBX4
BU252U,BU252U
CH611,CH611
DMS103,DMS103
BU84U4,BU84U4
CH169,CH169
CH1783,CH1783
CSPTTS,CSPTTS
DM9449,DM9449
BUBTA5,BUBTA5
CABBA1,CABBA1
DMS097,DMS097
CWB010593050,CWB010
CWG006593023,CWG006
D653,DFD653
DF1005,DF1005
DHHB99,DHHB99
DM9901,DM9901
DMS106,DMS106
CWG001593023,CWG001
DM2304,DM2304
DM2305,DM2305
BURDX3,BURDX3
DM1001,DM1001
CH170B,CH170B
CHMT18,CHMT18
CH172,CH172
DF3353,DF3353
BU392C,BU392C
BUXMA3,BUXMA3
CLWP1I,CLWP1I
CWB022593011,CWB022
DM1178,DM1178
DF0048,DF0048
DFS060,DFS060
DHO102,DHO102
DM7993,DM7993
CBLMAT,CBLMAT
CSLCPT,CSLCPT
DHHB21,DHHB21
DM7679,DM7679
BUOBB2,BUOBB2
DF3463,DF3463
DHHU11,DHHU11
DM5002,DM5002
BUPEM4,BUPEM4
DM0034,DM0034
DM0047,DM0047
BURXD6,BURXD6
CH1603,CH1603
DFD653,DFD653
DM1127,DM1127
BUBP41,BUBP41
CH235,CH235
CHCRBG,CHCRBG
DF3385,DF3385
CSMLSD,CSMLSD
DM7994,DM7994
BURXD5,BURXD5
DHHBG7,DHHBG7
DHO101,DHO101
BUBDU5,BUBDU5
CH170,CH170
CC9766,CC9766
DMS080,DMS080
DHHU03,DHHU03
BUPPX4,BUPPX4
DM7992,DM7992
BU74C5,BU74C5
DF6590,DF6590
DM1033,DM1033
BU740K,BU740K
CSSSNY,CSSSNY
DF0056,DF0056
DF1002,DF1002
DMS704,DMS704
BTDWBB,BTDWBB
BUBF12,BUBF12
CHNRA7,CHNRA7
DM2314,DM2314
CH610,CH610
CSSS3L,CSSS3L
DFS059,DFS059
DM1024,DM1024
HBUDA0,HBUDA0
HFT012,HFT012
GT23H586M0A,GT23H
GT949586792,GT949
GULWL6,GULWL6
GF88H586628,GF88H
GT23H5867EA,GT23H
GT23H586IJA,GT23H
GT23H586929,GT23H
GT23XH5864KA,GT23XH
GF141,GF141
GF89H586CPA,GF89H
GT23H5867FA,GT23H
GF88H586MPA,GF88H
GF89H586Y6A,GF89H
GT23H58643B,GT23H
GU15BK,GU15BK
GF536586FIA,GF536
GT23H586BHB,GT23H
GT23H58669A,GT23H
J228,J228
GF536586AXC,GF536
GF537Y08113,GF537
GT18H58608A,GT18H
GT23H586557,GT23H
J7452586187,J7452
E525,USE525
GF90915864JB,GF9091
GT22HXY07718,GT22H
J3275P586158,J3275P
GF537586PQA,GF537
GT18H58604A,GT18H
GT18H586415,GT18H
GT23XH586BFB,GT23XH
GT78H586584,GT78H
GF538586O2A,GF538
GF88H586A5B,GF88H
GT78H586506,GT78H
GF38H586582,GF38H
GF567Y08105,GF567
GF535Y08113,GF535
GT23H586DIA,GT23H
HST017,HST017
GF536407D55,GF536
GF567586168,GF567
GF38H586A8B,GF38H
GT23H586QWB,GT23H
GULN10,GULN10
J926958631A,J9269
GF535S586DRA,GF535
GF89H58639B,GF89H
HSP018,HSP018
GF914,GF914
GU14HP,GU14HP
GT23XH5860FA,GT23XH
J9BB4A,J9BB4A
GT23H586VLA,GT23H
J780L4,J780L4
J746C4,J746C4
GT18H586922,GT18H
GT23H586TSB,GT23H
J9BBB3,J9BBB3
GF22H586621,GF22H
GT23H586CUA,GT23H
GT23H586211,GT23H
J349B6,J349B6
HFT013,HFT013
GT18H5860XA,GT18H
GT18H586OWB,GT18H
GT78H586N8A,GT78H
J252W6,J252W6
GF89HY06794,GF89H
GT78H586314,GT78H
GT23H586B8B,GT23H
GT23H5864IA,GT23H
GT23H586EFA,GT23H
GUOCB8,GUOCB8
HST015,HST015
J7464549923,J7464
GT23H,GT23H
GT23H586BFB,GT23H
GT78H586629,GT78H
GT18H586KQB,GT18H
GT23H586B1B,GT23H
GF29285864HB,GF2928
GF901X5864JB,GF901X
GF937,GF937
GT949586960,GT949
GF537407D55,GF537
GT18H586FTA,GT18H
GT23XH586QXB,GT23XH
HSP026,HSP026
HFT031,HFT031
GU15HP,GU15HP
HG0017,HG0017
J372W4,J372W4
GF647407D55,GF647
GT23H586D5A,GT23H
GT23HY08129,GT23H
GT23H586DFA,GT23H
GT23H586ZIA,GT23H
GT23XH586B2B,GT23XH
HXMFHC,HXMFHC
J743R4,J743R4
GP08H,GP08H
J1015P549369,J1015P
GUCPRD,GUCPRD
GUCA14,GUCA14
HG0004,HG0004
HSP005,HSP005
GF140586960,GF140
HFT011,HFT011
GT23H586NLA,GT23H
GULA10,GULA10
HG0011,HG0011
HST016,HST016
J742A4,J742A4
GF89H586NQA,GF89H
GJBRP8,GJBRP8
GUBKP8,GUBKP8
GF22H19,GF22H
GULN11,GULN11
GUBR15,GUBR15
J59242586158,J59242
GF536586A5C,GF536
GF89XH586YAB,GF89XH
HBUDC0,HBUDCA
HG0008,HG0008
J9T14W,J9T14W
GJCSBK,GJCSBK
HG0007,HG0007
ES103P,ES103P
GF5355865KB,GF535
GT23H586C4A,GT23H
J3496B,J3496B
GT18H586O7B,GT18H
GT23H586D7A,GT23H
GT23H586NDA,GT23H
GT23XH586BVB,GT23XH
HXMFBK,HXMFBK
FL1056,FL1056
GF88H586C5A,GF88H
GT23H5864GA,GT23H
GUBR14,GUBR14
J839T4,J839T4
GT18H586GRA,GT18H
HSP024,HSP024
GT18H586OIA,GT18H
J9BB4B,J9BB4B
GF536B586OHA,GF536
GF478,GF478
GT23HY07718,GT23H
GF140Y07418,GF140
HFT041,HFT041
HXMFBF,HXMFBF
HXMFKB,HXMFKB
J4352P549707,J4352P
GF89H586212,GF89H
GF934Y08113,GF934
GT23H586MZA,GT23H
E515,USE515
GF22H586ZNA,GF22H
GF594H586MKA,GF594H
GT20H586QDB,GT20H
GT23H586Z8A,GT23H
GF535586POA,GF535
GT23H586YAB,GT23H
GT78HY07718,GT78H
GUCSC4,GUCSC4
GT18H586921,GT18H
GT23XH586TSB,GT23XH
HST001,HST001
GF937586180,GF937
GT78HY06794,GT78H
GF499586644,GF499
GUCSHP,GUCSHP
J838T5,J838T5
GT18H586FLA,GT18H
GUBB16,GUBB16
GF567-Y08113,GF567
GT23H586506,GT23H
GF538586UIA,GF538
GF567586412,GF567
GT17H586963,GT17H
GT23H5864KA,GT23H
J1016586976,J1016
J349B5,J349B5
GF140586256,GF140
GT23H586Q0B,GT23H
GU16BK,GU16BK
GT23H586CVA,GT23H
GF38H586ZMA,GF38H
GF478586P9A,GF478
GF535586PQA,GF535
HST003,HST003
HST005,HST005
J9T1W3,J9T1W3
GF535407D55,GF535
GF535586KQB,GF535
GF535586P7A,GF535
GF537Y07466,GF537
GF89XH586PPB,GF89XH
GT18H586PLB,GT18H
GULA11,GULA11
HFT032,HFT032
HU01,DHHU01
GT23H586212,GT23H
GT23H5867AA,GT23H
GT23H586VMA,GT23H
HFT023,HFT023
GT23H586595,GT23H
GT949586959,GT949
GF38H586C3A,GF38H
GT18H586138,GT18H
GT23H5864UB,GT23H
GT23XH586BAB,GT23XH
HBULA8,HBULA8
GT23H5864WB,GT23H
GF22H586296,GF22H
GF22H5864DB,GF22H
GF536586KPB,GF536
GF536Y08113,GF536
GF914586961,GF914
J9BF5A,J9BF5A
HSP006,HSP006
HSP028,HSP028
J746L4,J746L4
GF536586O2A,GF536
GF536586PPA,GF536
HG0014,HG0014
GF538Y07466,GF538
GJHPP8,GJHPP8
GT18H586953,GT18H
GT23H586923,GT23H
GT23H586ZHA,GT23H
HBUDN0,HBUDN0
J841F4,J841F4
GT23H586215,GT23H
GF140Y07466,GF140
GT23XH586BGB,GT23XH
HU03,DHHU03
GF38HY07689,GF38H
GT17H586O3A,GT17H
GT23H586596,GT23H
GT23H586MMA,GT23H
GUCN15,GUCN15
J3497B,J3497B
GT18HY07418,GT18H
GF140586979,GF140
GF89H586BBB,GF89H
GF22H586CRA,GF22H
GF38H586201,GF38H
GF89H586BYB,GF89H
GF89HY08160,GF89H
GT23XHY07718,GT23XH
E520,USS520
GF140586959,GF140
GF567Y08025,GF567
GT18H586920,GT18H
GT23XH5867IA,GT23XH
GF89XH586A6B,GF89XH
GF914586256,GF914
GF88H586585,GF88H
GF89H586629,GF89H
GF914407D55,GF914
GF536586P8A,GF536
GF567407D55,GF567
GF934586180,GF934
GF478Y07459,GF478
GT18H586417,GT18H
GT18H586VOA,GT18H
HSP011,HSP011
GF536586UIA,GF536
GF567586136,GF567
GF567Y07418,GF567
GT78H586ZKA,GT78H
GF937Y08203,GF937
GT18H586F1A,GT18H
GT23H5864HA,GT23H
GF914586979,GF914
GT23H586317,GT23H
GF89H586616,GF89H
GF934,GF934
GT23H586559,GT23H
GUBKP9,GUBKP9
HFT026,HFT026
HBULC8,HBULC8
J135W5,J135W5
J252W7,J252W7
GF914586257,GF914
GF567586149,GF567
GF88H586619,GF88H
GJCSBS,GJCSBS
GT23H586VKA,GT23H
J135W4,J135W4
JABBA3,JABBA3
GF478586POA,GF478
GF536586OIA,GF536
GUCSBR,GUCSBR
FL2355,FL2355
GF88H586616,GF88H
HG0001,HG0001
HSP030,HSP030
GF567586979,GF567
GT23H586DGA,GT23H
GT23H586Z9A,GT23H
GT23XH5864IA,GT23XH
J9T1B3,J9T1B3
GF22H586554,GF22H
GJCKP6,GJCKP6
J2528W,J2528W
J349B4,J349B4
GT23H586927,GT23H
GT23XH586B3B,GT23XH
GUBR16,GUBR16
HFT040,HFT040
HG0013,HG0013
GF914586412,GF914
J7805B,J7805B
GF914586FLA,GF914
GT18H586FUA,GT18H
GT78H586CZA,GT78H
J777B4,J777B4
GF89H586506,GF89H
GF914586312,GF914
GF934586960,GF934
GT23H586D8A,GT23H
HU41,DHHU41
J9BFA4,J9BFA4
GF567586978,GF567
GF934586959,GF934
GF934Y07418,GF934
GT23H58640B,GT23H
GT78H586BEB,GT78H
HFT014,HFT014
J372B4,J372B4
GT23XH586Q0B,GT23XH
GT23H586D9A,GT23H
GT23XH586B1B,GT23XH
GU14BK,GU14BK
J135B4,J135B4
GF88H586506,GF88H
GULWA6,GULWA6
HSP007,HSP007
J765J2,J765J2
GJHPP9,GJHPP9
GT78H,GT78H
GULWC6,GULWC6
HC726S,HC726S
GT23XH586Z9A,GT23XH
GT23H586230,GT23H
J1356W,J1356W
GJCBP6,GJCBP6
GT23H586A9B,GT23H
GF140586413,GF140
GT23H5860FA,GT23H
G856HY07689,G856H
GT18H586F2A,GT18H
GT18H586O1B,GT18H
GUCN14,GUCN14
GT24HY07703,GT24H
GUFA10,GUFA10
GF567Y07970,GF567
GF89H586PPB,GF89H
GT23H586Z7A,GT23H
J6027P586226,J6027P
HSP002,HSP002
HSP015,HSP015
GF478586FMA,GF478
GF937586412,GF937
GT23H586ZVA,GT23H
HXMFHB,HXMFHB
DMTSTG,DMTSTG
GF88H586NPA,GF88H
J734L4,J734L4
GF536586PMB,GF536
GU16HP,GU16HP
GT23H586556,GT23H
GT23H586C5A,GT23H
GUFN10,GUFN10
HFT029,HFT029
GT23H586ZZA,GT23H
GF535586FLA,GF535
HST013,HST013
GT23H586461,GT23H
HSP008,HSP008
HU30,DHHU30
GF88H586BXB,GF88H
GF89H586222,GF89H
GF937Y07459,GF937
GUCA15,GUCA15
J842B4,J842B4
HC726B,HC726B
HFT016,HFT016
HFT030,HFT030
GT23HY08128,GT23H
HSP017,HSP017
GT23H586B3B,GT23H
GT23XH586Z8A,GT23XH
GT23XH586ZWA,GT23XH
HST023,HST023
GF88HY06794,GF88H
HFT017,HFT017
HU02,DHHU02
J2032,J2032
GF934-586147,GF934
GT78H586212,GT78H
GF537586O0A,GF537
GF567Y08113,GF567
HSP001,HSP001
GT18H586979,GT18H
GT22HY07718,GT22H
GT23H5860DA,GT23H
GT23H586CWA,GT23H
GUORHP,GUORHP
GT17HY08113,GT17H
GT23XH586Z7A,GT23XH
GT23H551872,GT23H
J9BBA3,J9BBA3
GP08H586296,GP08H
GT23H586EAA,GT23H
J838T4,J838T4
GF914586960,GF914
GT78H586586,GT78H
HST012,HST012
HST020,HST020
J26027586547,J26027
GT23H586BGB,GT23H
GT78H586BUB,GT78H
J780B4,J780B4
GF88HY08160,GF88H
GF536C586FCB,GF536
GJBRP9,GJBRP9
GT20H586QEB,GT20H
GT23H58646B,GT23H
HST014,HST014
J8386T,J8386T
GF535586O1A,GF535
GF914586959,GF914
GT78H586209,GT78H
GUOCH8,GUOCH8
J9227,J9227
GUBB14,GUBB14
GT58H586C8A,GT58H
HFT043,HFT043
GF535586AZC,GF535
GT18HY08113,GT18H
GT23H586ZAA,GT23H
GT18H,GT18H
GT18H586OYB,GT18H
GT23H586928,GT23H
GUCHP8,GUCHP8
GT23H586924,GT23H
GT23H586Q8B,GT23H
HG0009,HG0009
GT18H586FWA,GT18H
GT23H586925,GT23H
GUORBS,GUORBS
GT18H58603A,GT18H
HG0015,HG0015
GJCSBR,GJCSBR
HST004,HST004
HG0016,HG0016
GF89H586619,GF89H
J6639,J6639
GF29385864PB,GF2938
GT18H586VPA,GT18H
GT23H586442,GT23H
GT23H586MJA,GT23H
HSP004,HSP004
GF499Y07459,GF499
GF88H586613,GF88H
GF141Y07459,GF141
GF91HY08160,GF91H
GT23H586B0B,GT23H
GF88HY07718,GF88H
HU39,DHHU39
J135W6,J135W6
GT23H586319,GT23H
GF89HY07718,GF89H
GF934586977,GF934
J777W4,J777W4
GF567586961,GF567
HSP003,HSP003
GF535586A2C,GF535
GT18H586F3A,GT18H
HSP014,HSP014
GF934586136,GF934
FL1256,FL1256
GF89H586MIA,GF89H
GF89H586YAB,GF89H
GJCSHP,GJCSHP
J4381549707,J4381
V7397586201,V7397
W7297586158,W7297
V90221586C5B,V90221
UXABB4,UXABB4
USE525,USE525
UXSB5C,UXSB5C
V1012P,V1012P
W5683P586433,W5683P
W6189G58600A,W6189G
W5670586158,W5670
US4514,US4514
UXPBB4,UXPBB4
W5950G550757,W5950G
UXMB5A,UXMB5A
UXSBC4,UXSBC4
V1012586229,V1012
W3381G586LUA,W3381G
W5950G586788,W5950G
UC136P,UC136P
ULOG88,ULOG88
UWBB5B,UWBB5B
UFSBE5,UFSBE5
W5682G586172,W5682G
W5925586540,W5925
W5950G586960,W5950G
US4697,US4697
UOGKB3,UOGKB3
W59275861TA,W5927
W9236P586158,W9236P
UO2BB3,UO2BB3
US4960,US4960
V63301586DRA,V63301
W59221Y08160,W5922
W5923P,W5923P
V90173586BMB,V90173
UXSB5A,UXSB5A
W1042G586G9B,W1042G
W5722Y08160,W5722
W5950C586544,W5950C
W3384G586LUA,W3384G
UOGBP3,UOGBP3
W5687G586172,W5687G
UFBB5B,UFBB5B
UOGWA3,UOGWA3
W5923P407D55,W5923P
W9261G58608A,W9261G
UBT15W,UBT15W
W9475G586797,W9475G
UBT2W4,UBT2W4
UFMBA3,UFMBA3
V74731586N7A,V74731
W8841DAL3T,W8841D
W9247P586EAB,W9247P
W59220407D55,W5922
URBBB3,URBBB3
US4830,US4830
W4829586158,W4829
W5683P586172,W5683P
UFT15W,UFT15W
UTB1B3,UTB1B3
W1042G5865UA,W1042G
W4909Y08113,W4909
UTT2W3,UTT2W3
V9054P,V9054P
UOGCW2,UOGCW2
W3270586PEA,W3270
W5920549923,W5920
US3015,US3015
W0934GY07418,W0934G
US02PK,US02PK
UXSLB4,UXSLB4
W5670586140,W5670
W7448586158,W7448
UXSBB4,UXSBB4
W9448P,W9448P
US3002,US3002
UXSBA4,UXSBA4
UC126,UC126
US4707,US4707
US4959,US4959
W5680586GQA,W5680
W8841DALZT,W8841D
US474C,US474C
V90227586C8B,V90227
UO2KB3,UO2KB3
W3267GY08113,W3267G
W5672B586158,W5672B
W5950G586435,W5950G
YXT4US,YXT4US
UO2CA2,UO2CA2
W4827,W4827
W6629,W6629
ULC167,ULC167
VB90,DFVB90
W2864586G6B,W2864
W5671550785,W5671
UXMLA4,UXMLA4
UFT1W4,UFT1W4
ULC187,ULC187
UWBBA4,UWBBA4
UXAB5A,UXAB5A
V1016586323,V1016
W5950G586FOA,W5950G
UXCBA4,UXCBA4
W4664586GNA,W4664
UC106,UC106
W5950G586GEA,W5950G
US3010,US3010
W5683G586172,W5683G
W6680,W6680
W3274586158,W3274
UWBB5A,UWBB5A
W032195865DB,W03219
W5950G586789,W5950G
W0309586FRB,W0309
W1042G5865RB,W1042G
W4805586QCA,W4805
UTB1A3,UTB1A3
V1016586603,V1016
V59436586626,V59436
W7453586171,W7453
US4693,US4693
W4649586158,W4649
W5950G586978,W5950G
W6327586158,W6327
UXCTW4,UXCTW4
W8742586158,W8742
V7381586202,V7381
UCF15W,UCF15W
ULC166,ULC166
UFBBB4,UFBBB4
W3339G5861MA,W3339G
W4909550759,W4909
W5670550782,W5670
W5950G586414,W5950G
W50062,W50062
ULC168,ULC168
W5950P,W5950P
W6693,W6693
US4824,US4824
W1042G586O5B,W1042G
W3270586GOA,W3270
W5927,W5927
URT1W3,URT1W3
V96544586Q5B,V96544
W4909586FTA,W4909
W9475586226,W9475
V7473P586N3A,V7473P
W3341G586OGA,W3341G
US4699,US4699
UOGBA3,UOGBA3
V1015549369,V1015
W5681P,W5681P
UCF1W4,UCF1W4
V74718586M9A,V74718
W1042G586FLB,W1042G
UFBBA4,UFBBA4
V1016586229,V1016
W2956GY07418,W2956G
ULC188,ULC188
UOGBB3,UOGBB3
W5683G550771,W5683G
W9468G586GRA,W9468G
W5950P586158,W5950P
US3000,US3000
W5672586970,W5672
W1042G586O6B,W1042G
WMOC6,WMOC6
UXCVW4,UXCVW4
V59430586605,V59430
W5950B586788,W5950B
W6686DALZT,W6686D
W9224,W9224
W9234V586GNA,W9234V
V1012586DQA,V1012
V90229586C7B,V90229
UC106P,UC106P
W4909586OKA,W4909
UC136,UC136
US400C,US400C
W1042G586PWB,W1042G
W6056,W6056
UO2TA3,UO2TA3
W5950G586GPA,W5950G
UFSBA4,UFSBA4
UXMBA4,UXMBA4
W5947G586QGA,W5947G
UBT3W5,UBT3W5
US4848,US4848
W5667G550757,W5667G
UFMBB3,UFMBB3
UXPB5A,UXPB5A
UC126P,UC126P
W4909550757,W4909
V1012549369,V1012
W1042G586FXB,W1042G
UO2TB3,UO2TB3
UXCT5W,UXCT5W
W3354,W3354
UXALA4,UXALA4
W4813P,W4813P
W5669G550763,W5669G
UFT1B4,UFT1B4
W6796S,W6796S
W1042G586OUB,W1042G
W5950G586181,W5950G
W9475G5862AA,W9475G
W5683G586433,W5683G
W5927P586540,W5927P
ULC148,ULC148
UXMBB4,UXMBB4
W5672586158,W5672
UO2LB3,UO2LB3
USJ493,USJ493
UXPBA4,UXPBA4
V1016,V1016
YYCEUS,YYCEUS
US4745,US4745
W3384G586FTB,W3384G
W9448,W9448
UTB3B3,UTB3B3
V59434586623,V59434
W3341G586OFA,W3341G
W5670,W5670
UOGBC3,UOGBC3
V1012P549369,V1012P
W9247586791,W9247
UOGCA2,UOGCA2
US469P,US469P
W1042G5865SB,W1042G
UWBBB4,UWBBB4
W32415865DB,W3241
W9247586EAB,W9247
ULC157,ULC157
W6692586PDB,W6692
ULOG86,ULOG86
UO2BA3,UO2BA3
US4690,US4690
UTHXX3,UTHXX3
W5922407D55,W5922
W5671586140,W5671
ULC186,ULC186
UBT1W4,UBT1W4
W6686DAL3T,W6686D
W1042G5861IA,W1042G
URBBA3,URBBA3
W4420Y07969,W4420
WMOH6,WMOH6
W9221586QCA,W9221
UBT25W,UBT25W
UXCB5A,UXCB5A
V7405586208,V7405
US4823,US4823
WMOA6,WMOA6
ULOG84,ULOG84
W92575861TA,W9257
UOGTB3,UOGTB3
W3272G407D55,W3272G
ULC156,ULC156
UOGCB2,UOGCB2
WMON6,WMON6
W59240586158,W59240
UXABA4,UXABA4
W1042G5861NA,W1042G
W5670550765,W5670
UXCBB4,UXCBB4
306209593021,306209
P60338586644,P60338
404650593055,404650
404625593045,404625
306210593024,306210
404310593053,404310
404617593050,404617
404616593050,404616
306210593026,306210
W59447586793,W59447
404624593039,404624
305908593006,305908
404541593043,404541
404610593050,404610
404309593053,404309
404623593044,404623
404541593039,404541
863311586532,863311
404613593054,404613
863332586644,863311
826332586551,826332
306211593023,306211
305907593006,305907
859414549314,859414
W59466586226,W59466
4395,US4395
1004,DF1004
85706550746,85706
85861586325,85861
2788,PL2788
5452,US5452
7543,DM7543
2107,FL2107
80296407Z98,80296
87349549314,87349
840,LY0840
CH305JC,CH305
6854,FL6854
CH306JC,CH306
1107,DF1007
1Q20,MJ1Q20
85707586551,85707
CH301JC,CH301
5000,5000J
1188,DM1188
86057586551,86057
5453,US5453
2656,FL2656
84738549314,84738
4088,US4088
6868,FL6868
83307586DVA,83307
5003,5003J
863293549314,863293
4049,US4049
2304,FL2304
1195,DM1195
6868J,FL6868
863325586644,863325
81622407Q88,81622
CH5008JC,CH5008
6543,DF6543
3385,DF3385
434,LY0434
904,LY0904
3383,DF3383
3439,DF3439
X372,DFX372
9456,09456
4707,US4707
X204,DFX204
3562,DF3562
4513,US4513
6542,DF6542
1456,FL1456
3491,DF3491
9443,09443
HU05,DHHU05
9405,09405
6545,DF6545
9428,09428
X245,DFX245
428,LY0428
843,LY0843
HU10,DHHU10
6549,DF6549
803J,DF803J
9458,09458
4996,US4996
6546,DF6546
1455,FL1455
4695,US4695
1866,FL1866
9402,09402
9471,09471
3446,DF3446
180,DF0180
3372,DF3372
X710,DFX710
8L12,DF8L12
4422,US4422
AK88,DFAK88
3036,DF3036
6550,DF6550
939,LY0939
4693,US4693
4745,US4745
6562,DF6562
3496,DF3496
6552,DF6552
1856,FL1856
4713,US4713
3463,DF3463
9473,09473
X1J3,DFX1J3
6563,DF6563
HU15,DHHU15
HU22,DHHU22
4803,US4803
7112,07112
1854,FL1854
3443,DF3443
4421,US4421
3432,DF3432
9404,09404
4159,US4159
AK83,DFAK83
X037,DFX037
9729,09729
HU12,DHHU12
4956,US4956
2633,DF2633
8L14,DF8L14
4415,US4415
4747,US4747
8L10,DF8L10
4912,US4912
X866,DFX866
9441,09441
3484,DF3484
4716,US4716
3488,DF3488
4823,US4823
4957,US4957
3335,DF3335
9417,09417
HU04,DHHU04
6554,DF6554
4608,US4608
6547,DF6547
9442,09442
3820,DF3820
X864,DFX864
3550,DF3550
822,LY0822
HU08,DHHU08
3353,DF3353
4930,US4930
6570,DF6570
4958,US4958
X70J,DFX70J
V633,DFV633
X054,DFX054
3516,DF3516
1454,FL1454
A633,DFA633
830,LY0830
3547,DF3547
9436,09436
6567,DF6567
3470,DF3470
HB51,null
HB10,null
64.00,null
37.00,null
0843,LY0843
8.59415E+11,null
8.26333E+11,826332
970\11,null
980\7,null
U71\3,NOUSE
HB60 - DOT,null
8.63326E+11,863325
8.63294E+11,863293
8.63312E+11,863311
0.00E+00,null
33.00,null
39.00,null
LL42AS,LL42AS
404650593051,404650
BL16/5,BL16/5
B9611,B9611
W9468G586795,W9468G
B1534S,B1534S
T6063G586EYA,T6063G
40K5C5,40K5C5
T8533G586D3A,T8533G
GF89H,GF89H
W5923407D55,W5923
GF536586FJA,GF536
GF22HY07234,GF22H
HU11,DHHU11
BUPUB5,BUPUB5
GT23H586DAA,GT23H
BUO2B5,BUO2B5
M5684550772,M5684
W9535P,W9535P
JPHBA1,JPHBA1
GF934586413,GF934
QM353P,QM353P
QM879P,QM879P
81622G550741,81622G
M7490586156,M7490
M5689P,M5689P
GUK14B,GUK14B
46HUSK,46HUSK
BUO2CR,BUO2CR
B1094,B1094
GF22H586Y9A,GF22H
DHHB50,DHHB50
976JG8B,976JG8
QM4854,QM4854
42HUCC,42HUCC
B5189P,B5189
GT20HY08125,GT20H
DFB600,DFB600
GUB14B,GUB14B
DF0065,DF0065
BUBFA7,BUBFA7
GF38HY08160,GF38H
GF937Y08100,GF937
M5073G586152,M5073G
BUX88F,BUX88F
UCF1B4,UCF1B4
W9210P,W9210P
JPHBE1,JPHBE1
GF89XH,GF89XH
974JG8W,974JG8
O9309,O9309
B1429G551682,B1429G
W0933GY08160,W0933G
W5667P,W5667P
S7413586223,S7413
W59219586OSA,W59219
W5950G586FIA,W5950G
GF140586312,GF140
B1251S,B1251S
B1750,B1750
4594,4594
GT23H586628,GT23H
GT23H586M2A,GT23H
QW1244,QW1244
GUBB4B,GUBB4B
S5876407D55,S5876
V63329586EWA,V63329
J777Q5,J777Q5
M5073G586425,M5073G
GT23H586222,GT23H
W59218586OQA,W59218
DMECBK,DMECBK
CC9747,CC9747
P5740P,P5740P
980JG8B,980JG8
T0766G549988,T0766G
W5682G550770,W5682G
UTT1W3,UTT1W3
B1091,B1091
W7439586160,W7439
CH609,CH609
43CFF4,43CFF4
43K5F1,43K5F1
81622,81622
QM658P,QM658P
BL14/5,BL14/5
306210593025,306210
GUH14B,GUH14B
T85332586IKA,T85332
CC980P,CC980P
M5922D586OSA,M5922D
BL10/5,BL10/5
QW4926549939,QW4926
W5681G550757,W5681G
QW538B586788,QW538B
GF22H586C2A,GF22H
1272,1272
HBULA9,HBULA9
QJ352P549707,QJ352P
GT18H586VNA,GT18H
QW925P,QW925P
S7413P586223,S7413P
UFSBB4,UFSBB4
S59432586539,S59432
2919,2919
BUPUR5,BUPUR5
W5680550757,W5680
P5866586532,P5866
S5697549921,S5697
85924550742,85924
85758550779,85758
T4177586DTA,T4177
J4352549707,J4352
J1016549369,J1016
GUSSHP,GUSSHP
GT23H586CEB,GT23H
GUSSBK,GUSSBK
W4378550245,W4378
GF22H586CQA,GF22H
980JG8W,GF934
GU12BK,GU12BK
GUSSTK,GUSSTK
GUBB12,GUBB12
GU12HP,GU12HP
M5073G586968,M5073G
GUBR12,GUBR12
UCF15A,UCF15A
UFSL52,UFSL52
UFSB51,UFSB51
GT23H5864LA,GT23H
UFSB53,UFSB53
UCF2W4,UCF2W4
DF7590,DF7590
QM0979,QM0979
DFCLBF,DFCLBF
DF7594,DF7594
DF7592,DF7592
DM2330,DM2330
HWL5P,null
DMS132,null
HWL50,null
DFS116,null
HWL4P,null
DMS130,null
HWL40,null
V74727586C6B,null
CSMCA3YSCAR,null
CSMVE3XJCP UGA,null
OG114,null
CBLCG35JCP UGA,null
CBMFA1MJCP AUB,null
CBMXB06JCP UNC,null
RJ4217-814,null
RJ4217-956,null
O5432,null
GDH150,null
RJ2206-AS2,null
RJ4217-954,null
CBLCBAAOHST,null
RJ4354-AS2,null
RJ2202-PK1,null
RJ4380C,null
O8790,null
CBMVA3HJCP ARIZ,null
RJ4397-PK1,null
M031R,null
CSL5G84JCP CLEM,null
RJ21422,null
RJ42172P-ATE,null
CSMVE3XJCP CLEM,null
CBMEE6XJCP UNC,null
RJ4489-ATA,null
RJ4114R-GR1,null
CBMFA1MJCP CLEM,null
CBMCBASJCP UNC,null
RJ4101-775,null
CSMVE3XJCP UNC,null
RJ4392-WH1,null
RJ42172P-AT7,null
RJ4348-A10,null
RJ4217-821,null
CBMFD0ZJCP LOUIS,null
CBKCJ10JCP GEORG,null
RJ4489-ATB,null
RJ4406C-702,null
42TB,null
CBJCD3MJCP CLEM,null
CBMFD0ZJCP PITT ST,null
498V,null
CSM5G83JCP CINN,null
R4217J-829,null
CBMFD0ZJCP HOUST,null
R4217J-709,null
RJ2207-700,null
OG104,null
M0224,null
WFT590,null
O4629,null
CSLFF3FJCP USCAR,null
RJ4217-955,null
RJ4350F-AS1,null
CBLCJ20JCP CLEM,null
CBMCD17JCPGEORG,null
RJ2575-BK1,null
OP180,null
O483V,null
O9343,null
CBKFF1YJCP CLEM,null
RJ4348-ATC,null
RJ4904-RD1,null
27PT,null
RJ4489-AS8,null
RJ4348-AS9,null
5186,null
O9264,null
RJ4489-AS7,null
RJ4378-ATK,null
WFT587,null
RJ4114-722,null
RJ4217-966,null
RJ4217-PU3,null
R4217J-828,null
OS04V,null
CSMFF1Y GEORG,null
O9133,null
CBMEC3BCLEMS,null
CBMCD17JCPWISC,null
RJ4324-AS6,null
RJ4114-725,null
CBMFD0ZJCP SDAK ST,null
CBKFF1YJCP GEORG,null
P170,null
GDH100,null
O4800,null
CBMCD17JCPNDKTA,null
RJ2201-PK1,null
MHP480,null
CBMFD0ZJCP PENN ST,null
J4323,null
J2575,null
RJ4217-963,null
J4351,null
RJ4348-AS4,null
RJ4407-PU1,null
CBMEE6XJCP CINN,null
CBMFA1MJCP SCAR,null
RJ4310,null
RJ4114-719,null
RJ4101-760,null
F260,null
RJ4397-BL2,null
RJ4378-ATB,null
O9293,null
CSKCK08JCP CINN,null
CBMFA30JCP PENN,null
J4378,null
RJ4378-AT3,null
5190,null
O9291,null
CBMEC3BUNC,null
RJ4114-966,null
J2527,null
4217,null
RJ4101- 961,null
RJH2008C-AS1,null
J4933,null
O5280,null
RJ42172P-ATF,null
RJ4101-782,null
4F31,null
CBLFG2WJCP UGA,null
RJ4102-770,null
4F29,null
CBJ5G32JCPSCARO,null
CSL5G84JCP UGA,null
B0MCD0AP504UNC,null
RJ4348-AT5,null
O5811,null
WPC623,null
RJ4217-815,null
CBMPJ0CJCPMICH,null
CBMCJ10FLST,null
CBMCD2TJCPMIZZOU,null
CBMFD0ZJCP IND,null
RJ4903-RD1,null
J4101,null
O0504,null
OG118,null
5660,null
CBJHE34JCP PENN,null
CSM5G83JCP USCAR,null
OG116,null
CBLHH17JCP GEORG,null
CSMFF1YJCP UGA,null
CBLCG35JCP CLEM,null
CBMEE71JCP CIN,null
RJ4114-728,null
O8389,null
MHT478,null
3149,null
O4637,null
CSMCK08JCP UNC,null
RJ4217R-PK1,null
GDH400,null
CBMCJ10GEO,null
CSMFF1YJCP USCAR,null
M0225,null
RJ2210-BK1,null
RJ2575-701,null
O46931,null
CSMCK08JCP AUB,null
CBMXB06JCP ARIZ,null
CBMCD17JCPIAST,null
RJ4397-700,null
RJ4348-AS5,null
RJ4323-711,null
RJ4114F-700,null
OF260,null
CBMFD0ZJCP BOISE ST,null
WFT585,null
CSMVE3XJCP CINN,null
RJ4217-BL4,null
RJ4405C-BL1,null
GDH600,null
CBMFD0ZJCP NVLV,null
CBMFD0ZJCP PUR,null
CSMFL0B GEORG,null
R4217J-704,null
J4114,null
RJ2527A-ATI,null
RJ4399C-700,null
RJ4406C-701,null
RJ4489-ATC,null
RJ4217-958,null
OG121,null
OG148,null
OG113,null
CBMCBASJCP CLEM,null
RJ4217-819,null
RJ4489-AS5,null
CBMEC3BOHST,null
RJ4114-957,null
RJ4101Y-700,null
RJ2210-PK1,null
CBMEE71JCP UNC,null
J3915,null
OG103,null
RJ4217-810,null
RJ4217-824,null
CBMEE71JCP SCAR,null
O6214,null
GT9337,null
CBMCD2TJCPMICH,null
J4217,null
RJ2201-GY1,null
OGD450,null
CSM5G4C GEORG,null
RJ4348-AT6,null
RJ4381-700,null
GT49,null
O4677,null
CBMCBASJCP USCAR,null
RJ2307-AS1,null
R4217J-700,null
RJ4348-AS6,null
RJ4101-960,null
RJ4101-785,null
CBMEE71JCP GEORG,null
CBMTJ0SJCP CLEM,null
B0MCD0ADVC,null
30PTP586M2B,null
RJ4101-956,null
CBLCJ20JCP USCAR,null
CBLCJ20JCP CINN,null
RJ4489-AS6,null
RJ4378-A14,null
CSL5J18JCP OSU,null
CBLCJ20JCP UGA,null
CSMEA2T UNC,null
RJ4348-AT3,null
CBJHE34JCP NDAME,null
R4217J-708,null
RJ4378-ATX,null
WHT618,null
30PT5866BA,null
CBMEC25JCP MICH,null
GDH200,null
OG120,null
CBMEC3BSCAR,null
RJ4217-820,null
RJ4217-822,null
CSMCA3YFLST,null
CBMFD0ZJCP ARIZ,null
CSMFF1YJCP GEORG,null
RJ4101-767,null
R4217J-701,null
RJ4101-772,null
OP160,null
CBJVF2DDVMMNTST,null
CBM5G34JCPOKLA,null
RJ2575A-700,null
OV60C,null
CBMFA1MJCP USCAR,null
723V,null
28PT,null
CBMEE6XJCP UGA,null
J4667,null
RJ43542P-AS2,null
CSMCA3YGEO,null
4217S,null
CBMCD17JCPCOL,null
CBMFA1MJCP UGA,null
CSMHD4QJCP GEORG,null
RJ4101Y-702,null
O035P,null
CBJVF2DDVMWVU,null
CSMCA3YUNC,null
R4217J-706,null
RJ42172P-ATC,null
O9300,null
RJ4101-776,null
CBMCD08JCP LSU,null
J2581,null
GDH250,null
O9341,null
CBMFA1MJCP UNC,null
RJ4217-802,null
SL04,null
RJ4217-964,null
RJ42172P-ATG,null
RJ4324-AS7,null
RJ4217Y-700,null
5596,null
OG119,null
CBJHE34JCP SDKST,null
CSMFF1YJCP CLEM,null
CBMVH1RJCP UNC,null
CBMFD0ZJCP NC ST,null
RJ2307S-AS1,null
R4217J-712,null
RJ4350Y-701,null
J1271,null
CBMEE71JCP CLEM,null
CSM5G4C UNC,null
RJ0202-AS1,null
4101,null
RJ4101-771,null
RJ4378-ATW,null
CBMFD0ZJCP VAND,null
CBMCD0AJCPKAN ST,null
CBMHB50 GEORG,null
R42172Y-AS1,null
RJ4217-823,null
CBMFJ0BJCP ARK,null
CSMFF1YJCP CINN,null
CBMCD0AJCPORE ST,null
J4310,null
RJ4101-770,null
RJ4114R-PK1,null
RJ4378-AT4,null
CBMFD0ZJCP TENN,null
CBMEC3AJCP UGA,null
RJ4217-817,null
RJ42172P-AT6,null
CBMEE6XJCP AUB,null
GDH420,null
CBMCJ10UNC,null
CBMFA30JCP MINN,null
CSMCA3YOHST,null
CBKFF1YJCP CINN,null
OG111,null
30PTP58656A,null
RJ4405C-BR1,null
OSL04,null
RJ2202-GY1,null
RJ4399C-701,null
RJ4348-AS3,null
RJ4114-727,null
CBMTJ0SJCP UGA,null
RJ4101-786,null
CBMVA3HJCP GEORG,null
RJ4324-AS5,null
4217V,null
O5995,null
482L,null
M064MX,null
CBLCBAACLEMS,null
RJ4408-BL1,null
RJ42172P-A27,null
CBMFD0ZJCP MD,null
RJ4217F-700,null
OF360,null
CBMVH1RJCP SCAR,null
CSMCK07JCP USCAR,null
CSKCK08JCP UNC,null
CBJ5G32JCPOKLA,null
CBMFD0ZJCP CLEM,null
RJ4114-723,null
O5180,null
O9342,null
CBMTF0O WA ST,null
CBMCD17JCP ILLIN,null
OP170,null
RJ4350Y-700,null
OG105,null
CBMFD0ZJCP SYRA,null
CBMEC25JCP IOWA,null
GT23HY07869,null
J42172P,null
F280,null
CSL5J18JCP UGA,null
CBJCH0HJCPPITT,null
R4217J-710,null
CSMCA3X UNC,null
CSKCK08JCP CLEM,null
RJ4101-962,null
RJ4406C-700,null
RJ4101-965,null
RJ2207-701,null
CBMFD0ZJCP S DAK,null
29PT1,null
O5627,null
CBMTF0O GEORG,null
RJ4217-961,null
CBLCBAAGEO,null
CSLFF3FJCP CLEM,null
RJ4217-959,null
RJ0100-PK1,null
RJ4217-960,null
CBMCD17JCPMOSST,null
J1270,null
RJ4381-BL1,null
CSKCK08JCP GEORG,null
RJ4101-780,null
CSMFF1YJCP CIN,null
RJ4101-964,null
RJ4378C-A15,null
CBMFA30JCP TENN,null
CBMEC3BGEO,null
RJ2307S-AS2,null
RJ4323-712,null
CBJVF2DDVMFLORI,null
RJ4348-AS8,null
RJ4392,null
O1459,null
RJ4101-783,null
RJ4667-704,null
4820,null
O055P,null
O9308,null
CBLCG35JCP CINN,null
RJ4217-806,null
RJ4378-ATA,null
GDO100,null
1789,null
GDH420586MQB,null
CBMFA1MJCP GEORG,null
CBMVH1RJCP CLEM,null
O4681,null
CBMFD0ZJCP YOUNG,null
CBMCJ10SCAR,null
CBMVA3HJCP PENN,null
O5A08,null
RJ4378-AS9,null
RJ4400-AS2,null
J1269,null
GDH420586MUB,null
RJ4348-AS7,null
RJ4114-742,null
OF170,null
CBMEC3BFLST,null
J4322,null
RJ4489-AS9,null
R4217J-707,null
RJ4114Y-700,null
P650,null
CBMEC25JCP FLA ST,null
WPC622,null
CBMVH1RJCP GEORG,null
RJ4217-818,null
CSM5G83JCP UGA,null
RJ4114-724,null
GDH420586MVB,null
CBMCBASJCP UGA,null
MHT481,null
O4694,null
30PTP586M1B,null
J4394,null
RJ4397-BR1,null
CBLFG2WJCP CLEM,null
CBLCJ1WJCP CLEM,null
R4217J-705,null
J4217A,null
RJ4119-AS1,null
RJ4217-799,null
R4217J-711,null
J2524,null
R4217J-702,null
F170,null
CBMVA30JCPMISST,null
CSMEA2T GEORG,null
RJ4348-ATD,null
RJ4348-A11,null
CBLCJ1WJCP GEORG,null
CBLHH17JCP CLEM,null
RJ4101-787,null
O480W,null
CBLFE0BJCP CLEM,null
CSMCA3X GEORG,null
RJ4101-773,null
RJ4114-721,null
OG101,null
GDH450,null
30PT,null
RJ4217R-GR1,null
RJ4101-818,null
4F30,null
CBLCJ20JCP UNC,null
CBMCD17JCPSDKTA,null
RJ4101-PU3,null
OF280,null
CBMXB06JCP CLEM,null
RJ42172P-ATD,null
RJ4324-AS4,null
GDH550,null
CBMVF2QJCPOMISS,null
CSKCK08JCP UGA,null
RJ4489-AS4,null
GDH6300,null
RJ43542P-AS3,null
CBMVG21JCP CLEM,null
RJH126C-T5B,null
O5142,null
RJ4101-766,null
RJ4101-784,null
CBLCG35JCP USCAR,null
RJ4217-962,null
J43542P,null
054X,null
O5719,null
CBMCJ10CLEMS,null
30PT58656A,null
26PT1,null
CBMFD0ZJCP MIAMI,null
RJ4325-700,null
M0238,null
CBMEC25JCP UNC,null
CBMFA1M UNC,null
RJ42172P-AT9,null
CBM5G34JCPMICH,null
CBMCJ10OHST,null
CBMFD0ZJCP LA LAF,null
RJ4101-765,null
OGD400,null
O9249,null
RJ4101-963,null
CSMFF1YJCP AUB,null
CBMVR03JCPOKLA,null
CBMCD17JCP OKLA,null
CBKFF1YJCP UNC,null
RJ4217Y-701,null
ES102,null
RJ4378-A10,null
GDO200,null
CSL5G84JCP UNC,null
CSMFF1YJCP SCAR,null
CBMFD0ZJCP TX AM,null
RJ4348-ATA,null
30PT5867OA,null
RJ4348-ATB,null
CBM5G34JCPNEBR,null
CBMCBASJCP CINN,null
R4217J-824,null
CSLFF3FJCP CINN,null
CBMFD0ZJCP WICH ST,null
R4217J-703,null
RJ4101-958,null
CSLFF3FJCP UNC,null
RJ4101-779,null
RJ4217-957,null
RJ4217Y-702,null
30PT58658A,null
CBMVR03JCPPENN,null
CSKHD4RJCP UNC,null
RJ4114-804,null
RJ42172P-ATB,null
CBMFD0ZJCP IOWA,null
CSMFF1YJCP UNC,null
CSMCA3X WVU,null
RJ4114-726,null
CBLFG2WJCP CINN,null
CSLFF3FJCP UGA,null
CSMCA3YCLEMS,null
31PT,null
RJ4324-AS1,null
5180,null
4800,null
Q0MKX02JCP UGA,null
RJH126C-GBG,null
ES103,null
CSM5G83JCP UNC,null
RJ4101-774,null
RJ4110-PU1,null
RJH2008C-AS3,null
O5A09,null
5586,null
RJ4397-GR1,null
WHT619,null
RJ4114-959,null
RJ4348-AT4,null
RJ4489D-ATD,null
30PTP586M3B,null
RJ42172P-ATA,null
RJ4114-745,null
CBMEE6XJCP CLEM,null
CBMVA30DVMUNC,null
CSLFF3FJCP GEORG,null
CBKFF1YJCP UGA,null
RJ42172P-AT8,null
CBMFA1MJCP CIN,null
CSMHD4QJCP UNC,null
RJ4217-965,null
RJ4101-778,null
P160,null
O5940,null
CBMTF0O KAN ST,null
RJ01751-GY1,null
30PTP586M0B,null
RH4324-ATA,null
40KUB1,null
O4200,null
XP90,null
O5A10,null
RJ4217-974,null
RJ01300-710,null
RJ43542P-A29,null
RJ4114-WH5,null
RJ4101-BLB,null
ES101,null
RJ01751-PK1,null
RJ01750-700,null
RJ4217-BLB,null
AMZ2,null
XP86,null
ES100,null
RJ4324-ATC,null
RJ43542P-A28,null
O4820,null
RJ4217-986,null
RJ0100-PK2,null
RJ43242P-ATD,null
RJ4217-976,null
RJ01751-711,null
O6168,null
30PTP586M4B,null
30PTP5866BA,null
RJ01751-WH1,null
RJ4114-986,null
30PTP586M5B,null
RJ01750-PK1,null
O42MT,null
A650,null
GT23HYS08336,null
RJ01749-710,null
OG117,null
30PTP58658A,null
RJ4217-WH5,null
RJ4101-975,null
AMZ9,null
RJ01749-711,null
RJ4217-975,null
RJ4114-974,null
RJ4378-A39,null
RJ4101-976,null
RJ42172P-A35,null
30PTP5867OA,null
RJ4378-A31,null
RJ2575-704,null
3386,null
GDH432,null
3462,null
W5950G586OHA,null
4.04311E+11,null
3.0621E+11,null
4.04626E+11,null
4.04618E+11,null
4.04625E+11,null
4.04542E+11,null
4.04614E+11,null
4.04624E+11,null
3.06212E+11,null
4.04611E+11,null
RJ4408-PK1,null
RJ4489-AS3,null
CBMVF2QJCPOREG,null
CBJ5G32JCPIAST,null
CBMCD17JCPTENN,null
CBMFF15JCP ARIZ ST,null
CSM5G4C NEBR,null
B0JCH0ADVCILL,null
RJ4217-816,null
CBMEC27 MICH,null
CBM5G22JCPLSU,null
RJ4217-812,null
CBMEE3DJCPNDAME,null
CSMCA3X TEXTC,null
CBMTF0O IOWA,null
CBMCJ0Z WVU,null
CBMFD0ZJCP BALL ST,null
CBMHB50 WVU,null
CBMCJ0Z NEBR,null
CBMCD0AJCPMINN,null
CBMCD17JCPLSU,null
GT23HYP08354,null
CSM5G4C CLEMS,null
CBM5G22JCPWISC,null
CBMEE68JCP UNC,null
CBMCJ0Z GEORG,null
CSMCA3X OH ST,null
CBMPJ0CJCPMIZZOU,null
CBMEC27 GEORG,null
CBMCD0ADVMALABA,null
CSMFF1Y UNC,null
CBMCD17JCPTCU,null
GT23HYH08353,null
CBMHB4Z SCARO,null
RJ4101-769,null
CBMHB4Z OH ST,null
CBMHB4Z TEXTC,null
CBMHB50 NEBR,null
CSMEA2T CINCI,null
CSMEA2T MICH,null
RJ2527A-ATL,null
GT23HYH08372,null
CSMEA2T ALABA,null
J4395,null
CBMCD17JCPKENN,null
GT23HY07859,null
CBM5G22JCPVT,null
CBM5G5NJCP NEB,null
CBMCD08JCP CIN,null
CBMVR03JCPECAR,null
SWMCA2FJCPWISCPSW40,null
CBMCA3XJCP UNC,null
CBMCD17JCPTEXTC,null
CSMEA2T CLEMS,null
CBMFD0ZJCP CIN,null
RJ42172P-A15,null
CBMFD0ZJCP IDAHO ST,null
CSMCA3X NEBR,null
CBJ5G32JCPORE ST,null
CSMCK08JCP CIN,null
CSMCK07JCP UNC,null
CBMEC3LJCP UNC,null
CBMEC3LJCP CLEM,null
CSMCK07JCP UGA,null
CBMFD0ZJCP MIZZOU ST,null
CBMFA1MJCP AZ,null
CBMFD0ZJCP TX TECH,null
CBMTF0O WVU,null
B0JCH0GDVCP6688BOISE,null
CBMTF0O CLEMS,null
RJ4114R-700,null
CBMFD0ZJCP APP ST,null
CBMFF15JCP UNC,null
CSMFF1Y SCARO,null
CBMFF15JCP FLA,null
CSMCA3X MICH,null
CBMFF15JCP WAKE,null
RJ4378-A12,null
CBMVA30JCPWKENT,null
GT23HYS08348,null
CBMCD17JCPAUBUR,null
CBMEC27 CLEMS,null
RJ4217-813,null
CSMFF1Y CINCI,null
CBMCD08JCP WVU,null
CBMFD0ZJCP WV,null
CSMEA2T SCARO,null
CSM5G4C WVU,null
CBMHB50 UNC,null
CBMTF0O TEXTC,null
B0JCH09DVC,null
CSMCA3X CINCI,null
CBMCJ0Z CINCI,null
CSMVE3XJCP USCAR,null
CBJCD3MJCP AUBUR,null
CBMCD17JCP UCONN,null
CBMCD17JCPNC STAT,null
CBMCJ0Z OH ST,null
CBMEC27 SCARO,null
CBLCH0GJCPLSU,null
B0JCH0ADVCAUBURN,null
RJ4217-811,null
CSMFF1Y AUBUR,null
CSMCA3X SCARO,null
CBMHB50 MICH,null
CBMHD09JCP INDIA,null
CBMTF0O MICH,null
CBMVR03JCPUNC,null
CSM5G4C TEXTC,null
CBM5G34JCPALABA,null
CBJ5G32JCPNEBR,null
CBMCJ0Z SCARO,null
CBMTF0O NEBR,null
CBMHB50 SCARO,null
CBMHB4Z NEBR,null
CBMCD0AJCPMIZZOU,null
CBMCJ0Z CLEMS,null
CSMFL0B CLEMS,null
RJ2206-AS1,null
CSMFF1Y CLEMS,null
CBMVR03JCPWISC,null
CBMHA3AJCP UNC,null
CBMVE2EJCP COL,null
CBMVA30JCPILLIN,null
CBMHB50 OH ST,null
CSMCK08JCP GEORG,null
4101S,null
3.05909E+11,null
3.05908E+11,null
4.04617E+11,null
4.04651E+11,null
8.63333E+11,null
4.0431E+11,null
3.06211E+11,null
CSMCK07JCP CLEM,null
CSMCK07JCP AUB,null
CBMEC3LJCP CINN,null
CSMCK07JCP CINN,null
CBMEC3LJCP GEORG,null
